product_id,title
1,Автобус (1352 A-3)
2,Автобус 2288 F-1
3,Бассейн (57122)
4,Бассейн (57412)
5,Бассейн 59460
6,Бассейн надувной Жираф (57434)
7,Бассейн надувной детский Динозаврик (57437)
8,Беби ладошка (2740)
9,Боксерский набор средний Данко Тойс (0006)
10,Волшебный горшочек (0915)
11,Детская посуда  Ромашка в ведре 23 элем. (39120)
12,Домик-сортер (Д198у)
13,Железная дорога  (701829 R/ YY 125)
14,Железная дорога (0622/40353)
15,Железная дорога (701830 R/YY 126)
16,Игровая палатка (M 0508)
17,Игровой набор Wader тележка Маленький механик (10776)
18,Каталка толокар с родительской ручкой (Z 321-3)
19,Конструктор (44002)
20,Конструктор Bozhi Nexo Knights (103 1-8)
21,Конструктор BOZHI Ninja (101 1-8)
22,Конструктор BOZHI Ninja (104 1-4)
23,Конструктор JDLT Кубики (6010-1)
24,Конструктор металлический Пожарная техника ТехноК (2056)
25,Корзина для игрушек (M 2506)
26,Корзина для игрушек (M 2506)
27,Корзинка с посудкой (Галинка-10 Технок 1172)
28,Круг надувной Животные (59570)
29,Кубики  для купания U/R (M 0257)
30,Кухня №7 ТехноК (0847)
31,Кухня №8. ТехноК (0915)
32,Кухня детская  (008-26)
33,Матрац Hello Kitty (48775)
34,Мини конструктор Вертолет 56 деталей (13888/15)
35,Мягкая игрушка Ниндзя (00244-2)
36,Мягкая игрушка Ниндзя (00244-2)
37,Мягкая игрушка Ниндзя (00244-2)
38,Мягкая игрушка Крошка Поросёнок Смешарики (00238-4)
39,Мягкая игрушка Солнышко Майя (00665)
40,Набор для песка 7 элементов (IML 75042)
41,Набор игрушечной посуды Ромашка 22 элемента (39132)
42,Набор игрушечной посуды Ромашка 24 элемента (39156)
43,Набор игрушечной посуды Ромашка с подносом 22 элемента (39086)
44,Набор летний 6 элементов IML Wader (71220)
45,Обруч для фитнеса (M 0251)
46,Пазлы Thefl Disney Самолеты(14216)
47,Пазлы Trefl Ученицы школы (30006)
48,Плотик детский надувной Улитка (BW 34102)
49,Плотик детский-надувной-с навесом Intex (56581)
50,Погремушка (786B)
51,Погремушка Зайка Сплюша (MK 4101-02)
52,Подставка для ложек Stenson керамическая (7996-1)
53,Решетка-гриль мини (MH-0088)
54,Ролики S 30-33 (A 5033)
55,Рюкзак Люк (1/3) (00196-4)
56,Тигрес Набор посуды Ромашка в коробке 28 эл (39131)
57,Улитка сортер (31538-9)
58,Резиновая игрушка (5022)
59,Фигурка Робокар Поли (16510)
60,Фигурка Робокар Поли (16510)
61,Фигурка Робокар Поли (16510)
62,Форма для выпечки силиконовая Подарки (HH-636)
63,Мягкая игрушка    Команда С (00112-121)
64,Набор для творчества Детское фигурное мыло (DFM-02-02U)
65,Пайта на флисе синяя Glostory Размер 128 (BPU 9539)
66,Пищалка (3001-6 P)
67,Машинка Wader Tech Truck 5 моделей (35310)
68,Постельный комплект ручной работы в детскую кроватку (001)
69,Постельный комплект ручной работы в детскую кроватку (003)
70,Постельный комплект ручной работы с бортиками
71,Пижама Monster High Dishey Белая р. 116-128-140-152 см. (830544)
72,Мягкая игрушка Романтик  2/3 (00670)
73,Настольная игра Экивоки 56 карточек (13)
74,Лапы боксерские (2023)
75,Обучающая игра Маленький Розумник: овощи (416)
76,Часы из фетра Водный мир (14)
77,Часы из фетра Любовь (16)
78,Набор инструментов (PP6040F1F2)
79,Форма силиконовая Тачка Stenson (HH-513)
80,Постельный комплект ручной работы в детскую кроватку (005)
81,Силиконовая форма для выпечки Барни (XY-C1140)
82,Елочные шарики 8см 20шт/кор (8537)
83,Плед ручной работы 120х90 (011)
84,Конструктор BELA (10433)
85,Конструктор SLUBAN Пожарная техника (B 0217 R)
86,Игра Телефон (4202 T)
87,Набор Флер стаканы 255мл+графин 1-л (MS-0289)
88,Картинка из пайеток и глиттера Поросенок (900-13)
89,Оригами Лебедь (203-1)
90,Конструктор-липучка (MK 0539-3)
91,Мягкая игрушка Алмаз (00417-93)
92,Мягкая игрушка Цветун (00417-92)
93,Мягкая игрушка Щенок Товарищ 7 (00112-11)
94,Трикотажный костюм тройка (
95,Оригами Совушка (203-5)
96,Конструктор Мир динозавров JDLT (5246)
97,Каталка толокар Ориончик с родительской ручкой Черный (856Ч)
98,Пижама подростковая Ниндзяго 2 (868)
99,Джемпер Даша (892)
100,Джемпер Даша (892)
101,Джемпер Даша (892)
102,Продукты (9805-06)
103,Жилетка Хоппер 104-122см (012)
104,Жилетка Хоппер 104-122см (012)
105,Жилетка Хоппер 104-122см (013)
106,Жилетка Хоппер 104-122см (014)
107,Жилетка Хоппер 104-122см (014)
108,Жилетка Хоппер 104-122см (014)
109,Курточка демисезонная Камелия 104-122 см (010)
110,Курточка демисезонная Камелия 104-122 см (010)
111,Курточка демисезонная Камелия 104-122 см (010)
112,Курточка демисезонная Камелия 104-122 см (010)
113,Курточка демисезонная Фреш 104-116 см (011)
114,Курточка демисезонная Фреш 104-116 см (011)
115,Костюм трикотажный тройка  4-5-6 лет (5092)
116,Костюм трикотажный 12 мес-1 год-1- года (0645)
117,Трикотажный костюм см.
118,Заварник-пресс 800 мл. (MS-0148)
119,Формы разъемные круг 3шт/наб (MH-0123)
120,Мягкое кресло Микки №1 (00807-97)
121,Мягкое кресло Микки №3 (00807-97)
122,Набор посудки ТехноК (4456)
123,Спортивные брюки серые 5-6-7-8 лет (001)
124,Шорты джинсовые 4-5-6 лет (825)
125,Футболка Туфелька 1-2-3-4-5. 6-7-8 лет (108)-24
126,Футболка Человек Паук 1-2-3-4-5-6-7-8 лет (108-5)-23
127,Футболка 1-2-3-4-5-6-7 лет (108-6)-24
128,Футболка 3-4-5-6 лет (8173)-24
129,Футболка 3-4-5-6 лет (8173)-24
130,Футболка 5-6-7-8 лет (8196)-24
131,Футболка 5-6-7-8 лет (8196)-24
132,Футболка 5-6-7-8 лет (8196)-24
133,Босоножки  для мальчика Шалунишка р 32-37 (5728)
134,Босоножки для девочек р.33-38 (2352)
135,Босоножки для девочек р.33-38 (2352)
136,Босоножки для девочек р.33-38 (2352)
137,Босоножки Эльф р.26-31 (Y14)
138,Босоножки Эльф р.26-31 (Y14)
139,Босоножки Эльф р.26-31 (Y14)
140,Босоножки Эльф р.26-31 (Y14)
141,Босоножки Эльф р.26-31 (Y14)
142,Босоножки Эльф р.26-31 (Y14)
143,Слипоны р.24-30 (2009)
144,Слипоны р.24-30 (2009)
145,Босоножки р.26-31 (K-252)
146,Кроссовки светящиеся р.26-30 (СВКА В1708)
147,Кроссовки светящиеся р.26-30 (СВКА В1708)
148,Кроссовки светящиеся р.32-37 (СВКА1708)
149,Набор для новорожденного в коляску (8888)
150,Набор для новорожденного в коляску (9999)
151,Туфли для девочек р.22-27 (138-2)
152,Туфли для девочек р.22-27 (138-2)
153,Туфли для девочек р.22-27 (138-2)
154,Туфли для девочек р.22-27 (138-2)
155,Туфли для девочек р.22-27 (138-2)
156,Машинка ТехноК(4982)
157,Каталка Гусеница(5100)
158,Кроксы (8062-B)
159,Кроксы (8062-B)
160,Кроксы (8062-B)
161,Трикотажный костюм 2-3-4-5 лет (9046)
162,Набор для новорожденного в коляску (1001)
163,Туфли Tom.m р. 31-38 (1372А)
164,Туфли Tom.m р. 31-38 (1372А)
165,Туфли Clibee р.36 ( 23- см) (D624)
166,Ветровка на мальчика 5-6-7-8-9- лет
167,Ветровка на мальчика 8-9-10-11-12 лет
168,Деревянная игрушка Ксилофон 8 тонов (Д379)
169,Деревянная игрушка Лабирин-Ежик (Д385)
170,Деревянная игрушка Лабиринт № 4 (Д192)
171,Деревянная игрушка Лабиринт- каталка Бабочка (Д116)
172,Туфли Clibee р.27-32  (D615)
173,Туфли Clibee р.27-32  (D615)
174,Туфли Clibee р.27-32  (D615)
175,Утепленный костюм D&G серый 6-8-10-12-14 лет (3605)
176,Утепленный костюм на флисе Hugoboss р.92-104-
177,Утепленный костюм на флисе Hugoboss р.92-104-110-116-
178,Утепленные котоновые брюки (2312)
179,Пижама интерлок Лалалупси р. 92-116 см ( 1014)
180,Пижама интерлок Лалалупси р. 92-116 см ( 1014)
181,Пижама подростковая  интерлок Котёнок р. 104-134 см  (1021)
182,Ботинки GFB р. 32-37 ( E3138-1)
183,Ботинки GFB р. 32-37 ( E3138-1)
184,Ботиночки Sabana  р.26-31 (D506-1)
185,Сапоги зимние светящиеся р.22-26 (2345)
186,Сапоги зимние светящиеся р.27-32 (4678)
187,Пупс ( BL020P-S)
188,Коляска для кукол (9662М)
189,Прыгун-лошадка (MS 0372)
190,Прыгун-лошадка (MS 0372)
191,Прыгун-лошадка (MS 0372)
192,Прыгун-лошадка (MS 0372)
193,Прыгун-лошадка (MS 0372)
194,Прыгун-лошадка (MS 0372)
195,Корзина для игрушек ( M 0282)
196,Корзина для игрушек ( M 0282)
197,Йогамат ( M 0380-2)
198,Йогамат ( M 0380-2)
199,Велюровый костюм 2--- лет (2922)
200,Костюм-тройка Розы (2225)
201,Костюм-тройка Розы (2225)
202,Костюм-тройка Розы (2225)
203,Костюм трикотажный I am so Pretty (2222)
204,Костюм трикотажный I am so Pretty (2222)
205,Костюм трикотажный I am so Pretty (2222)
206,Костюм трикотажный I am so Pretty (2222)
207,Костюм-тройка 3-- лет (2227)
208,Костюм-тройка 3-- лет (2227)
209,Набор для купания ( 2235)
210,Набор для купания (2234)
211,Трикотажный костюм (2223)
212,Трикотажный костюм (2223)
213,Трикотажный костюм (2223)
214,Прыгун-лошадка ( 0373)
215,Прыгун-лошадка ( 0373)
216,Прыгун-лошадка ( 0373)
217,Прыгун-лошадка ( 0373)
218,Прыгун-лошадка ( 0373)
219,Прыгун-лошадка ( 0373)
220,Подушка Собачка  (00295-79)
221,Утепленные джинсовые брюки ( 6835)
222,Утепленные джинсовые брюки ( 6835)
223,Утепленные джинсовые брюки ( 6835)
224,Мягкая игрушка Герои в масках Гекко (00669-2)
225,Набор песка для детского творчества - KINETIC
226,Набор песка для детского творчества -
227,Колготки для девочек Paw Patrol (920-442)
228,Колготки для мальчиков Paw Patrol (920-444)
229,Пижама для девочек Disney (MIN-G-PYJAMAS-118)
230,Пижама для девочек Disney (MIN-G-PYJAMAS-118)
231,Куртка-Реглан для девочек Paw Patrol на 2-4 лет (962-319)
232,Куртка-Реглан для мальчиков Paw Patrol на 3-5 лет ( 962-263)
233,Куртка-Реглан для девочек Disney на 4-10 лет (FR-G-T-SHIRT-02)
234,Ботинки светящиеся  р. 26-30 ( 1267)
235,Ботинки светящиеся  р. 26-30 ( 1267)
236,Ботинки светящиеся  р. 26-30 ( 1267)
237,Кроссовки светящиеся р 22-25 ( 9907)
238,Кроссовки светящиеся р 22-25 ( 9907)
239,Кроссовки светящиеся р 22-25 ( 9907)
240,Кроссовки светящиеся р 22-25 ( 9907)
241,Мокасины р. 26-30 (7895)
242,Мокасины р. 26-30 (7895)
243,Мокасины р. 26-30 (7895)
244,Мокасины р. 26-30 (7895)
245,Мокасины светящиеся р. 26-30 ( 268777)
246,Мокасины светящиеся р. 26-30 ( 268777)
247,Коляска для ляльки (9695)
248,Коляска для ляльки (9695)
249,Коляска для ляльки (9695)
250,Костюм  для девочек Glo-Story
251,Костюм  для девочек Glo-Story
252,Бодик-платье Pino (1213)
253,Костюм -двойка Elnino ( 98967) на 2.3--- лет
254,Босоножки на девочку Tom.m 26-31 (3148D)
255,Босоножки на девочку Tom.m 26-31 (3148D)
256,Босоножки для девочки Tom.m р.31-36 (3196H)
257,Босоножки для девочки Tom.m р.31-36 (3196H)
258,Мокасины для девочки Y.Top р.26-31 (18305-3)
259,Джинсы на 3---- лет (4739)
260,Босоножки Tom.m 36-41 (3368А)
261,Брюки на девочку на 8--0-1.12 лет( 4035)
262,Каталка-толокар  (M 3575EL-3)
263,Каталка-толокар (M 3575EL-2)
264,BW Бассейн (52239)
265,BW Мяч (31041)
266,Круг (91004)
267,Плотик (56589)
268,Коврик -пазл (M 2613)
269,Кеды Style Baby р.31-36 (NB24 I.blue-orange)
270,Летний костюм для девочки на рост 98
271,Летний костюм для девочки на рост 98 см -104
272,Шорты летние на девочку на рост 110 см-116 см Sincere (2268)
273,Футболка на девочку на 10 лет-14 лет Emma Gerl (7899)
274,Босоножки для девочки Y-Leo р. 25-30 (N345)
275,Босоножки для девочки Y-Leo р. 25-30 (N345)
276,Босоножки для девочки Y-Leo р. 25-30 (N345)
277,Босоножки для девочки Y-Leo р. 25-30 (N345)
278,Босоножки для девочки Y-Leo р. 25-30 (N345)
279,Босоножки на мальчика Clibee р. 26-31 (Z330)
280,Босоножки Clibee р. 18-23 (F238)
281,Шорты для мальчика на 4 года-на 6 лет Венгрия (6009)
282,Кроксы для девочки -размер 23-34 ( 9006)
283,Футболка для девочки на возраст 5-6-8-9 лет ( 3453)
284,Платье на девочку на 3-4 -4-5 -5-6 -7-8-9-10 лет (3456)
285,Платье на девочку на 3-4 -4-5 -5-6 -7-8-9-10 лет (3456)
286,Платье на девочку на 3-4 -4-5 -5-6 -7-8-9-10 лет (3456)
287,Костюм на мальчика  Герои в масках на 2 годика ( 0033)
288,Футболка на мальчика на возраст 4------00-1 лет( 10)
289,Футболка на мальчика на возраст 4------00-1 лет( 10)
290,Костюм -тройка на мальчика на 3-------0 лет (003239)
291,Костюм -тройка на мальчика на 3-------0 лет (003239)
292,Платье на девочку с рюкзачкем на 3----1 лет( 003241)
293,Комплект для новорожденного Божья коровка (003257)
294,Комплект для новорожденного Уточки ( 003258)
295,Комплект для новорожденного ( 003259)
296,Плавки для купания на 1-2-3-4-5-6-7-8-9-10-11-12-13 лет ( 003263)
297,Плавки для купания на 1-2-3-4-5-6-7-8-9-10-11-12-13 лет ( 003263)
298,Плавки для купания на 1-2-3-4-5-6-7-8-9-10-11-12-13 лет ( 003263)
299,Плавки для купания на 1-2-3-4-5-6-7-8-9-10-11-12-13 лет ( 003263)
300,Набор маечка и трусики на 1-2-3-4 года  Грушка ( 003269
301,Платье на девочку на 4-- лет ( 003270)
302,Платье на девочку на 4-- лет ( 003270)
303,Платье на девочку на 4-- лет ( 003270)
304,Костюм на девочку 2 годика (003271)
305,Костюм для девочки на 5-6-- лет ( 003274)
306,Костюм для девочки на 5-6-- лет ( 003274)
307,Костюм для девочки на 5-6-- лет ( 003274)
308,Костюм для девочки на 5-6-- лет ( 003274)
309,Костюм на девочку на 5 --- лет ( 003278)
310,Костюм на девочку на 5 --- лет ( 003278)
311,Костюм на девочку на 5 --- лет ( 003278)
312,Пижама для девочки на 5--- лет ( 003299)
313,Коляска детская (M 3548-2-2 YOGA)
314,Коляска детская (M 3548-9-2 YOGA)
315,Каталка-толокар с родительской ручкой (SX1578-1)
316,Каталка-толокар с родительской ручкой (SX1578-3)
317,Детский толокар электромобиль (M 3853EL-1)
318,Детский толокар электромобиль (M 3853EL-11)
319,Детский толокар электромобиль (M 3853EL-2)
320,Детский толокар электромобиль (M 3853EL-3)
321,Каталка-толокар (M 3502-6)
322,Каталка-толокар (FD-6803-6)
323,Каталка-толокар (  FD-6805-3)
324,Каталка-толокар (FD-6806-3)
325,Каталка-толокар с родительской ручкой (FD-6812-1)
326,Каталка-толокар с родительской ручкой (FD-6812-3)
327,Туфли на девочку р.31-37 (R323034121 DA)
328,Спортивный костюм на мальчика тройка на 4-5 лет
329,Спортивный костюм на мальчика тройка на 4-5 лет-
330,Туфли для мальчика  Сказка р.32-37 ( R868534076 CBK)
331,Мокасины  Apawwa А 183 Black (32-37)
332,Голф на девочку белый на 8 лет-14 лет ( 3747)
333,Голф на девочку серый на 12 лет-16 лет ( 3747)
334,Коляска детская (M 3910-2 YOGA II)
335,Спортивные брюки на мальчика
336,Гольф утепленный на мальчика голубой на 8 лет
337,Гольф утепленный на мальчика на 16 лет-серый ( 5668)
338,ХОДУНКИ CARRELLO LIBERO 3 В 1 CRL-9602 BEIGE
339,Ходунки CARRELLO Libero CRL-9602/2
340,Коляска универсальная TILLY Family T-181 Grey MOQ
341,Игоровой набор Супермаркет Кассовый аппарат (31621)
342,Электромобиль детский  (M 3271EBLR-1)
343,Электромобиль детский (M 3271EBLR-2)
344,Мяч для фитнеса -85 см (MS 1578)
345,Мяч для фитнеса -85 см (MS 1578)
346,Каталка-толокар (M 3502-5)
347,Джинсы на девочку утепленные -на флисе 116-146( G82776)
348,Утепленный спортивный костюм MMG на 5--- лет (003758)
349,Утепленный спортивный костюм MMG на 5--- лет (003758)
350,Утепленный спортивный костюм MMG на 5--- лет (003758)
351,Утепленный спортивный костюм MMG на 5--- лет (003758)
352,Палатка (M 1440)
353,Стульчик для кормления (М V-010-28-6)
354,Салатники стеклокерамика с крышкой Грация
355,Салатники стеклокерамика с крышкой Клетка(MS-1098-4656)
356,Мягкая игрушка малишарики Нюшенька (00238-93)
357,Пижама для девочки LOL (003876)
358,Костюм на девочку Микки( 003915)
359,Костюм на девочку Микки( 003915)
360,Костюм на девочку Микки( 003915)
361,Костюм на 1-2-3 ГОДА( 003918)
362,Костюм на 1-2-3 года ( 003919)
363,Детская горка для дачи и дома 140 см Долони(0140/02)
364,Люлька-качалка (6033)
365,Коврик мозайка (M 5731)
366,Каталка-толокар ( 318-9)
367,Каталка-толокар (318-8)
368,Платье красное ( 009751)
369,Каталка-толокар (M 3502-2-3)
370,Каталка-толокар (M 3502-3)
371,Ходунки CARRELLO FIORE 3 В 1 CRL-9606 GREEN
372,Ходунки CARRELLO Libero CRL-9602/2 Blue 3
373,Ходунки CARRELLO Eterno CRL-9607 Beige 3 в 1
374,Ходунки CARRELLO Eterno CRL-9607 Coffee 3 в 1
375,Ходунки CARRELLO Eterno CRL-9607 Olive 3 в 1
376,Ходунки CARRELLO Eterno CRL-9607 Rose 3 в 1
377,Свинка Д1( 24992-1)
378,Джинсы на мальчика 4-12 лет (DT 1045)
379,Футболка белая 4-12 лет (001438)
380,Футболка белая 4-12 лет (001438)
381,Футболка белая 4-12 лет (001438)
382,Футболка белая 4-12 лет (001438)
383,Футболка белая 4-12 лет (001438)
384,Футболка на мальчика  голубая 4-12лет (004137)
385,Футболка на мальчика  голубая 4-12лет (004137)
386,Футболка на мальчика  голубая 4-12лет (004137)
387,Футболка на мальчика  голубая 4-12лет (004137)
388,Футболка на мальчика  голубая 4-12лет (004137)
389,Футболка розовая 4-12 лет (001439)
390,Футболка розовая 4-12 лет (001439)
391,Футболка розовая 4-12 лет (001439)
392,Футболка розовая 4-12 лет (001439)
393,Футболка розовая 4-12 лет (001439)
394,Футболка PUBG 4-12 лет (004144)
395,Футболка PUBG 4-12 лет (004144)
396,Реглан PUMA 3-10 лет (004149)
397,Реглан PUMA 3-10 лет (004149)
398,Реглан PUMA 3-10 лет (004150)
399,Реглан PUMA 3-10 лет (004150)
400,Реглан PUMA 3-10 лет (004150)
401,Брюки котоновые р. 116-164  (004152)
402,Брюки котоновые р. 116-164  (004152)
403,Лосины с имитацией джинсы Setty koop(CT6101)
404,Лосины с имитацией джинсы Setty koop(CT6101)
405,Спрортивный костюм на мальчика на 4 года Setty koop (RO2842)
406,Рюкзак Lol (004159)
407,Костюм Герои в Масках 3-10 лет (004164)
408,Костюм тройка для девочки 3-10 лет( 004165)
409,Костюм на девочку 3-10 лет (004166)
410,Спортивный костюм на девочку 6-12 лет Венгрия (IA88038)
411,Спортивный костюм на девочку 6-12 лет Венгрия (IA88038)
412,Босоножки на мальчика Clibee р.18-23  (NF0221)
413,Босоножки на мальчика Clibee р.18-23  (NF0221)
414,Босоножки на мальчика Clibee р.18-23  (NF0221)
415,Босоножки Clibee р.20-25  (F268)
416,Босоножки Clibee р.20-25  (F268)
417,Босоножки на мальчика Clibee (NF256)
418,Босоножки на мальчика светящиеся Clibee  р.22-27(ТА265)
419,Босоножки на мальчика светящиеся Clibee  р.22-27(ТА265)
420,Босоножки на мальчика светящиеся Clibee  р.22-27(ТА265)
421,Кроксы Selena р.25-35 (004178)
422,Кроксы Selena р.25-35 (004178)
423,Кроксы Vitalina р.20-35 (004179)
424,Кроксы Vitalina р.20-35 (004179)
425,Кроксы Jose Amorales (116123)
426,Кроксы Jose Amorales (116123)
427,Кроксы Jose Amorales (116123)
428,Кроксы Jose Amorales (116123)
429,Кроксы Vitalina р.20-35( 004181)
430,Кроксы Vitalina р.20-35( 004181)
431,Кроксы Vitalina р.20-35( 004181)
432,Босоножки для девочки Clibee р.26-31 (Z635)
433,Босоножки для девочки Clibee р.26-31 (Z635)
434,Босоножки Tom.m на девочку р.25-30 (5248C)
435,Босоножки Tom.m на девочку р.25-30 (5248C)
436,Босоножки Tom.m для девочки р.21-26 (5270В)
437,Босоножки Tom.m для девочки р.21-26 (5270В)
438,Босоножки Tom.m для девочки р.21-26 (5270В)
439,Босоножки Tom.m для девочки р.21-26 (5270В)
440,Босоножки для девочки Tom.m р. 20-25 (5479Е)
441,Босоножки для девочки Tom.m р. 20-25 (5479Е)
442,Босоножки для девочки Tom.m р. 20-25 (5479Е)
443,Босоножки Tom.m р.21-26 (5273D)
444,Босоножки Tom.m р.21-26 (5273D)
445,Босоножки Tom.m р.21-26 (5273D)
446,Босоножки Tom.m р.21-26 (5273D)
447,Босоножки Tom.m р.21-26 (5273D)
448,Босоножки р.25-30 Tom.m (5164С)
449,Босоножки р.25-30 Tom.m (5164С)
450,Босоножки для девочки р.17-22 Tom.m (5606F)
451,Босоножки для девочки р.17-22 Tom.m (5606F)
452,Босоножки для девочки р.21-26 Tom.m (5271H)
453,Босоножки для девочки р.21-26 Tom.m (5271H)
454,Босоножки для девочки р.21-26 Tom.m (5271H)
455,Босоножки для девочки р.21-26 Tom.m (5271H)
456,Босоножки р.17-22 Tom.m (5610H)
457,Босоножки р.17-22 Tom.m (5610H)
458,Босоножки р.17-22 Tom.m (5610H)
459,Босоножки р.21-26 Tom.m (5233С)
460,Босоножки р.21-26 Tom.m (5233С)
461,Босоножки р.21-26 Tom.m (5233С)
462,Босоножки р.21-26 Tom.m (5233С)
463,Босоножки р.21-26 Tom.m (5233С)
464,Кофта для девочки на 5-10 лет (004195)
465,Кофта для девочки на 5-10 лет (004195)
466,Футболка Поло красная 4-12 лет (004198)
467,Костюм летний на мальчика 2-7 лет (004199)
468,Костюм летний на мальчика 2-7 лет (004199)
469,Костюм летний на мальчика 2-7 лет (004199)
470,Костюм летний на мальчика 2-7 лет (004199)
471,Коляска детская (
472,Коляска детская (ME 1036 MIMI SAND)-    на подшипниках
473,Коляска детская (ME 1000 MIMI SAND)-    на подшипниках
474,Коляска детская (ME 1036L MIMI INDIGO)-    O передних колес
475,Набор для творчества Мистер тесто – творческий столик-67
476,Пазлы для самых маленький 4 в 1  Веселі чудики  Strateg (20170)
477,Пазлы для самых маленьких 4 в 1 Strateg Сімейка Паффі (20169)
478,Набор для творчества Strateg Мистер тесто-super dentist (71407)
479,Набор для творчества Стратег  La  petite desserts ( 71309)
480,Набор для творчества Стратег La petite desserts (71310)
481,Кинетический песок Стратег Mundi sand (39000)
482,Настольная игра Дом ангелов-Strateg (30101)
483,Настольная игра Strateg Мафия (00314)
484,Настольная игра Львенок Ро-Ро-Strateg (30262)
485,Спортивный костюм на 128-176.(Маломерят
486,Спортивный костюм на 128-176.(Маломерят на 2 размера-
487,Спортивный костюм на рост 128-176  см
488,Спортивный костюм на рост 128-176  см
489,Спортивный костюм на рост 128-176 см(
490,Спортивный костюм на рост 128-176 см(
491,Костюм с шапочкой 2-6 лет (004279)
492,Костюм с шапочкой 2-6 лет (004279)
493,Костюм с шапочкой 2-6 лет (004279)
494,Лосины для девочки 1-8 лет ( 004280)
495,Лосины для девочки 1-8 лет ( 004280)
496,Футболка на мальчика 4-12 лет (004281)
497,Футболка на мальчика 4-12 лет (004281)
498,Футболка на мальчика 4-12 лет (004281)
499,Футболка на мальчика 4-12 лет (004281)
500,Футболка на девочку 1-8 лет( 004284)
501,Шезлонг-качалка детский (PK-306-4)
502,Шезлонг-качалка детский (PK-306-5)
503,Шезлонг-качалка детский (PK-306-8)
504,Коляска прогулочная CARRELLO Allegro CRL-10101
505,Коляска прогулочная CARRELLO Allegro CRL-10101/
506,Коляска прогулочная CARRELLO Allegro
507,Коляска прогулочная CARRELLO Arena CRL-8504 Gold Brown/1/ MOQ
508,Коляска прогулочная CARRELLO Arena CRL-8504 Jasper Green/1/ MOQ
509,Коляска прогулочная CARRELLO Arena CRL-8504 Ultra Violet/1/ MOQ
510,Костюм-тройка  с футболкой с бусинками 4-12лет ( 004293)
511,Настольная игра Strateg Настольная игра Школа Пашки(30208)
512,Настольная игра Strateg Настольная игра Школа Удава(30209)
513,Пазлы Кто где живет-Strateg (30700)
514,Велосипед трехколесный TILLY TORNADO T-383 Бірюзовий /1/
515,Велосипед трехколесный TILLY TORNADO T-383 Зелений /1/
516,Велосипед трехколесный TILLY TORNADO Т-383 Коричневий /1/
517,Велосипед трехколесный TILLY TORNADO Т-383 Сірий /1/
518,Велосипед трехколесный TILLY TORNADO Т-383 Червоний /1/
519,Костюм летний на девочку 2-8 лет (004333)
520,Спортивный костюм на мальчика)
521,Детский жилет для плавания (58660)
522,Нарукавники (56640)
523,Платье на девочку на 3-10 лет ( 004393)
524,Костюм летний на 3-10 лет (004394)
525,Костюм летний на 3-10 лет (004394)
526,Костюм летний на 3-10 лет (004394)
527,Костюм летний на 3-10 лет (004394)
528,Костюм летний 3-10 лет ( 004395)
529,Костюм летний 3-10 лет ( 004395)
530,Костюм летний 3-10 лет ( 004395)
531,Костюм летний 3-10 лет ( 004395)
532,Платье на 2-8 лет ( 004396)
533,Костюм на мальчика летний на 2-9 лет ( 004399)
534,Костюм на мальчика летний на 2-9 лет ( 004399)
535,Спортивные брюки  для девочки на рост 158-176 см(004458)
536,Спортивные брюки на девочку на 1-4 года (004460)
537,Спортивные брюки на девочку на 1-4 года (004460)
538,Спортивные брюки детские на 5-8 лет (004461)
539,Спортивные брюки на девочку на 5-8 лет (004462)
540,Спортивные брюки на девочку на 5-8 лет (004462)
541,Спортивные брюки на девочку на 5-8 лет (004462)
542,Спортивные брюки на девочку на 9-12 лет (004463)
543,Спортивные брюки на девочку на 9-12 лет (004463)
544,Спортивные брюки на девочку на 13-16 лет (004464)
545,Спортивные брюки на девочку на 13-16 лет (004464)
546,Спортивные брюки на девочку на 13-16 лет (004464)
547,Спортивные брюки на девочку на 9-12 лет(004465)
548,Спортивные брюки на девочку на 13-16 лет (004466)
549,Спортивные брюки на девочку на 13-16 лет (004466)
550,Спортивные брюки на девочку на 13-16 лет (004466)
551,Спортивные брюки на девочку на 13-16 лет (004466)
552,Круг ( 56263)
553,Круг ( 58221)
554,Бассейн ( 57107)
555,Игровой центр CARRELLO Ultimo CRL-12702 Azure Blue 3 в 1
556,Игровой центр CARRELLO Ultimo CRL-12702 Coral Red 3 в 1
557,Игровой центр CARRELLO Ultimo CRL-12702 Light Green 3 в 1
558,Лосины для девочки на 1-8 лет(004480)
559,Лосины для девочки на 1-8 лет(004480)
560,Лосины для девочки на 1-8 лет(004480)
561,Майка Микки на 1-8 лет ( 004482)
562,Майка Микки на 1-8 лет (004481)
563,Майка Микки на 1-8 лет (004481)
564,Купальник на 2-3лет (004486)
565,Каталка-толокар (HZ 553-3)
566,Каталка-толокар (HZ614W-3)
567,Песочница (435)
568,Электромобиль трактор (M 4068R-4)
569,Электромобиль трактор (M 4068R-7)
570,Костюм на мальчика на рост 92-152 см (004573)
571,Костюм на мальчика на рост 92-152 см (004573)
572,Костюм на мальчика на рост 92-152 см (004573)
573,Костюм на мальчика на рост 92-152 см (004573)
574,Костюм на мальчика на рост 92-152 см (004573)
575,Костюм на мальчика на рост 92-152 см (004573)
576,Кинетический песок Strateg Magic Sand 350 г (370)
577,Кинетический песок Strateg Magic Sand
578,Кинетический песок Strateg Magic Sand
579,Кинетический песок Strateg Magic Sand
580,Мягкая игрушка Свинка (24992-2)
581,Мягкая игрушка Дракоша 1 ( 24940-2)
582,Костюм-тройка на 3-10 лет (004678)
583,Костюм-тройка на 3-10 лет (004678)
584,Костюм-тройка на 3-10 лет (004678)
585,Костюм-тройка на 3-10 лет (004678)
586,Костюм-тройка на 3-10 лет (004678)
587,Костюм тройка на 3-10 лет (004679)
588,Костюм тройка на 3-10 лет (004679)
589,Гольфик на девочку на 122-176(Маломерят) (004681)
590,Гольфик на девочку на 122-176(Маломерят) (004681)
591,Гольфик на девочку на 122-176(Маломерят) (004681)
592,Гольфик на девочку на 122-176(Маломерят) (004681)
593,Гольфик на девочку на 134-152 см (004680)
594,Гольфик на девочку на 134-152 см (004680)
595,Гольфик на девочку на 134-152 см (004680)
596,Гольфик на девочку на 134-152 см (004680)
597,Качель (6519)
598,Конструктор JDLT (5308)
599,Конструктор SLUBAN (M38-B0152)
600,Подушка Сонька 3 (00295-900)
601,Мягкая игрушка Собачка Дюк
602,Гольф интерлок  Герои в масках 2-6 лет (1346)
603,Гольф интерлок  Герои в масках 2-6 лет (1346)
604,Гольф интерлок Герои в масках 2-6 лет (1346)
605,Гольф интерлок Единорог 2-6 лет (1351)
606,Гольф интерлок Единорог 2-6 лет (1351)
607,Пижама с начесом  лошадка на на 4-10 лет (1365)
608,Пижама с начесом  лошадка на на 4-10 лет (1365)
609,Пижама детская на 1-3 года ( 004738)
610,Пижама на девочку на 7-9 лет(004740)
611,Утепленные джинсовые брюки Венгрия на р.116-146 см ( F266)
612,Утепленные джинсовые брюки Венгрия на р.116-146 см ( F266)
613,Утепленные джинсовые брюки Венгрия на р.116-146 см ( F266)
614,Утепленные джинсы на девочку на 5-8 лет (004742)
615,Утепленные джинсы на девочку на 5-8 лет (004742)
616,Свитер на девочку на 5-12 лет ( 004746)
617,Свитер на девочку на 5-12 лет ( 004746)
618,Утепленный спортивный костюм на мальчика на 4-12 лет (004747)
619,Утепленный спортивный костюм на мальчика на 4-12 лет (004748)
620,Утепленное платье с регланом на 1-5 лет (004750)
621,Утепленное платье с регланом на 1-5 лет (004750)
622,Утепленное платье с регланом на 1-5 лет (004750)
623,Утепленное платье с регланом на 1-5 лет (004750)
624,Утепленное платье с регланом на 1-5 лет (004750)
625,Корзина для игрушек или одежды (M 5765)
626,Спортивный костюм на флисе на 2-10 лет (004757)
627,Спортивный костюм на флисе на 2-10 лет (004757)
628,Спортивный костюм на флисе на 2-10 лет (004757)
629,Спортивный костюм на флисе на мальчика на 2-10 лет (004758)
630,Спортивный костюм на флисе на мальчика на 2-10 лет (004758)
631,Спортивный костюм на флисе на мальчика на 5-11 лет (004760)
632,Спортивный костюм на флисе на мальчика на 5-11 лет(004759)
633,Пижама на мальчика утепленная на флисе на 2-6 лет (1141)
634,Пижама на мальчика утепленная на флисе на 2-6 лет (1141)
635,Столик (F09-3)
636,Мягкая игрушка Малишарики Барашик (00238-92)
637,Мягкая игрушка  (24985-2)
638,Мольберт  (0703 UK-ENG)
639,Мольберт  (0703 UK-ENG)
640,Мольберт  (0703 UK-ENG)
641,Мягкая игрушка Мышка Миссис Кристи (00289-2)
642,Мягкая игрушка Мышка Мистер Кристи (00289-1)
643,Рюкзачек новогодний для подарков  синий (00917)
644,Детский шезлонг (BT-BB-0002) PINK
645,Колыбель-качели CARRELLO Nanny 3в1 CRL-0005 Azure /1/
646,Колыбель-качели CARRELLO Nanny 3в1 CRL-0005 Azure Beige /1/
647,Колыбель-качели CARRELLO Nanny 3в1 CRL-0005 Beige Dot /1/ MOQ
648,Колыбель-качели CARRELLO Nanny 3в1 CRL-0005 Beige Stripe /1/ MOQ
649,Колыбель-качели CARRELLO Nanny 3в1 CRL-0005 Brown Fox /1/
650,Колыбель-качели CARRELLO Nanny 3в1 CRL-0005 Green Zigzag /1/ MOQ
651,Колыбель-качели CARRELLO Nanny 3в1 CRL-0005 Grey Planet /1/ MOQ
652,Люлька-качели CARRELLO Dolce CRL-7501 Arrow Beige /1/ MOQ
653,Люлька-качели CARRELLO Dolce CRL-7501 Bow Pink /1/ MOQ
654,Люлька-качели CARRELLO Dolce CRL-7501 Canary Yellow /1/ MOQ
655,Люлька-качели CARRELLO Dolce CRL-7501 Line Grey /1/ MOQ
656,Мышка поздравительная 1/4  розовая (00255-8)
657,Мышка поздравительная 1/4 голубая (00255-8)
658,Рогалик Мишки (00292-64)
659,Рогалик Пустунчик (00292-66)
660,Мягкая игрушка Команда К(00112-129)
661,Мягкая игрушка Команда Р (00112-128)
662,Мягкая игрушка МК Стив 23 см (00663-7)
663,Сплюшка-подушка Песик (00280-7)
664,Манеж CARRELLO Piccolo CRL-9203/1 Ash Grey
665,Манеж CARRELLO Piccolo CRL-9203/1 Cameo Green
666,Манеж CARRELLO Piccolo CRL-9203/1 Chocolate Brown
667,Манеж CARRELLO Piccolo CRL-9203/1 Orchid Purple
668,Каталка Ламбо БЕЛАЯ (021)
669,Каталка Ламбо РОЗОВАЯ (021)
670,Набір креативної творчості NEON LIGHT PEN (NLP-01-01U)
671,Ігрушка  Набор для уборки ТехноК (5835)
672,Кубики Абетка з розмальовкою (0606)
673,Мягкая игрушка Сонька Панда (00241-1)
674,Набор медицинский в чемодане (182)
675,Самокат Орион Бирюзовый  (164)-0
676,Самокат Орион Зеленый (164)-0
677,Самокат Орион Красный (164)-0
678,Коляска детская (M 3548-3 YOGA)
679,Коляска детская (ME 1059 MILLY FOG GRAY)
680,Коляска детская (ME 1059 MILLY MAROON)
681,UAHшт.
682,UAHшт.
683,UAHшт.
684,UAHшт.
685,Біговел дитячий PROFI KIDS 12 д.
686,Коляска детская (ME 1040L ZIGZAG AQUAMARINE)
687,Коляска детская (ME 1040L ZIGZAG BEIGE)
688,Коляска детская (ME 1040L ZIGZAG DUST PINK)
689,Коляска детская ( ME 1070 SELECT GRAY
690,Коляска детская ( ME 10000 SELECT GRAY
691,Коляска детская (ME 1070 SELECT BLACK FOG)-
692,Пазлы Castorland 1500 эл (151011)
693,Гра велика наст. 2 в 1: Кльова
694,Гра у тубусі Кукареку! укр (VT8020-08)
695,Игровой центр (52221)
696,Набір кубиків Мій маленький світ (МС 090601-01
697,Набір кубиків Тваринки (12шт) (MC 090601-04)
698,Набір кубиків Тваринки на фермі (МС 090601-05)
699,Квадрик Орион Красный (426)
700,Пазл Щенок в цветах 70 элементов (177565)
701,Пазлы 1500 элементов (174763)
702,Пазлы 500 элементов Любовь в саду (177228)
703,Пазлы Castorland 100 эл (170015)
704,Пазлы Castorland 1500 Два белых щенка (176446)
705,Трек (8804D)
706,Беговел BALANCE TILLY 12 Compass T-21258 Rose
707,Беговел BALANCE TILLY 12 Jet T-212523 Red
708,Беговел BALANCE TILLY 12 Magnet T-212522 Red
709,Беговел BALANCE TILLY 12 Magnet T-212522 Yellow
710,Игрушка Кухонный набор 10 Технок  (5934)
711,Конструктор металлический Технок (4364)
712,Машина (JQ618L-4)
713,Машина (JQ618L-5)
714,Машина (JQ618L-6)
715,Толокар (M 4086-3)
716,Толокар (M 4086-4)
717,Толокар (M 4086-6)
718,Толокар (M 4086-8)
719,Игровой набор Столик-песочница  (6155)
720,Картина по номерам Идейка Романтическая встреча (КНО4565 )
721,Картина по номерам Идейка Подруги навсегда (КНО2304 )
722,Картина по номерам Покоряя небо 40*50 см Идейка (КНО2265)
723,Боксерский набор Америка Большой (0003)
724,Боксерский набор Америка Маленький (0001)
725,КАЧЕЛИ ME 1047 AIRY PINK
726,Грузовик  (M 4208EBLR-1)
727,Грузовик (M 4208EBLR-2)
728,Грузовик (M 4208EBLR-3)
729,Грузовик (M 4208EBLR-4)
730,ДЕТСКИЙ ЗОНТ-ПОЛУАВТОМАТ PAOLO ROSI LOL ПРОЗРАЧНЫЙ  (075)
731,ДЕТСКИЙ ЗОНТ-ПОЛУАВТОМАТ PAOLO ROSI LOL ПРОЗРАЧНЫЙ  (075)
732,Женский механический мини-зонт Flagman Малютка-разные цвета ( 504)
733,СКЛАДНОЙ ЖЕНСКИЙ ЗОНТ ПОЛУАВТОМАТ С СИСТЕМОЙ
734,Мягкая игрушка-подушка Коник фиолетовій ( 00295-701)
735,Массажер для спины (MS 0857-3)
736,Игрушка Набор шариков для сухих бассейнов ТехноК (7327)
737,Картина по номера  Апельсиновий десерт 40*50 см (12007-AC)
738,Картина по номерам  Ночной Манхэттен(коробка) 40см*50см
739,Картина по номерам  Балет  в подарочной упаковке (KpN-01-06U)
740,Картина по номерам  Балет 40 см* 50 см (KpNe-01-06)
741,Картина по номерам  Огненная лошадь 40 см * 50 см (KpNe-01-07)
742,Картина по номерам  Огненная лошадь 40 см*
743,Картина по номерам Аромат настрою 40*40 см (12095-AC)
744,Картина по номерам Більше ніж дружба 40*50 см (11605-AC)
745,Картина по номерам Брусничний кошик 40*50 см (12009-AC)
746,Картина по номерам 40 см* 40 см Have a nice day (12108)
747,Пупс (BL029A-DM-S-UA)
748,Пупс (YL037L-DM-S-UA)
749,Пупс (YL037M-DM-S-UA)
750,Гараж (866-30 )
751,Машинка на радиоуправлении (181401)
752 ,Манеж CARRELLO Molto CRL-11604 Orchid Purple
753,Манеж CARRELLO Molto CRL-11604 Cameo Green
754,Манеж CARRELLO Molto CRL-11604 Magnet Grey
755,Конструктор  Полицейский участок (JDLT 5131)
756,Конструктор  Полицейский участок (JDLT 5135)
757,Розумне цуценя з технологією Smart Stages
758,Сестричка Розумного цуценяти з технологією
759,-Игра (FT 0006)
760,Игра (25848E )
761,Коврик для младенца (838-53)
762,Тренажер детский (35903)
763,Конструктор (22935 )
764,Игровой набор Доктор (9911BC)
765,Картина по номера Натюрморт Кавовий настрій 35*50см
766,Картина по номерам  Гірська лаванда 40*50см
767,Картина по номерам  Біля озера 40*50см
768,Картина по номерам  Після полювання 40х50см.
769,Картина по номерам Аромат кохання 40*50см
770,Картина по номерам Пара лебедів 40*50см
771,Картина по номерам Пристрастний ранок 3 40 см* 50 см (КНО4667)
772,Картина по номерам Десерт для душі 40*50см
773,Картина по номерам Дивовижна Венеція 40*50см
774,Картина по номерам Набережна Італії 40*50см
775,Картина по номерам Повітряні кулі 2  40*50см
776,Картина по номерам Рожева мрія 40 см* 50 см (КНО4603)
777,Картина по номерам Натюрморт Лаймовий фреш 35*50см
778,Картина по номерам Табун 2 40*50см
779,Картины по номерам Сільські друзі 40*50см
780,-Перські тюльпани 40*50 (КНО2924)
781,-Картина по номерам Гуляючи вуличками 40*50см (КНО3581)
782,Абрикосовий натюрморт 40*50см (КНО2031)
783,Картина по номерам  Шикарна гортензія 240*50см (КНО2938)
784,Картина по номерам Best wishes 40*50см (КНО3031)
785,Картина по номерам Аромат півоній 40*50см (КНО2065)
786,Картина по номерам Благородні півонії 40*50см (КНО2032)
787,Картина по номерам Букет польових квітів 40*50см (КНО3020)
788,Картина по номерам Закохані серця 40*50см (КНО4527)
789,Картина по номерам Квіткова поезія 40х50см (КНО2049)
790,Картина по номерам Лісові ромашки 40*50см
791,Картина по номерам Ніжні півонії 40*50см (КНО1067)
792,Картина по номерам Оксамитові півонії 40*50см (КНО2931)
793,Картина по номерам Таємнича незнайомка 40*50см (КНО4745)
794,Картина по номерам Чаювання 40*50см (КНО5554)
795,Картина по номерам Щастя 40*50см (КНО2308)
796,Качалка  лошадка-единорог-74--71-30см-в
797,Качалка  лошадка-единорог-74--71-30см-в
798,Качалка лошадка-74--71-30см-в кор-ке-61--56-19см (GS2033 )
799,Карусель  на кроватку
800,Карусель  таймер
801,Коврик для младенца 80-64см-дуга
802,Коврик развивающий-2-50см
803,Игра  машинка21см
804,Коврик мозайка транспорт ( M 3520)
805,Песок для творчества  300г-3цв-формочки-сладости6шт-чайн.серв
806,Песок для творчества  300г-
807,Песок для творчества  300г-3цвета-формочки-сладости4шт
808,Песок для творчества
809,Песок для творчества 300г-3цвета-формочки 4шт-
810,Песок для творчества 300г-3цвета-формочки-посуда/
811,Розумний джойстик серії Посміхайся та навчайся
812,Гараж  76--66-51см
813,Гараж 57-39-51см-полиция3эт-машинки7-см
814,Игровой набор Гараж на даху Hot Wheels (DRB29)
815,Гараж 2этажа-машинки-металл-см-звук-свет-3вида-на
816,Мозаика стол 54-32-в26см
817,Динозавр  д/у-50см
818,Динозавр д/у-52см
819,Манеж  сетка-сетка-130-116-в59см-вход-
820,Трюмо   стульчик
821,Игрушка Автомобиль для прогулок ТехноК (6658)
822,Мягкая игрушка Акула Брюс 01/3 ( 00596-4)
823,Мягкая игрушка Сувенир Ас 1 Красная  ( 00006-02)
824,ArtCraft Набір для розпису Аромат сходу 40*
825,ArtCraft Набір для розпису Букет для панянки 40*50
826,ArtCraft Набір для розпису Єдиноріжка в квітах 30*30 см *
827,ArtCraft Набір для розпису Заможний кіт 40*50 см * (11932)
828,ArtCraft Набір для розпису Канадський явір 40*50 см * (10523-AC)
829,ArtCraft Набір для розпису Кашимірова кава 40*50 см * (12106)
830,Мягкая игрушка Пони ( 24985-3)
831,Мягкая игрушка Пони ( 24985-3)
832,Самокат  пластик.с сиденьем+род.ручка+бампер PU свет
833,Самокат пластик.с сиденьем+род.ручка+корзинка
834,-  Велосипед триколісний TILLY THUNDER (T-321)
835,-  Велосипед триколісний TILLY THUNDER (T-321)
836,-  Велосипед триколісний TILLY THUNDER (T-321)
837,Велосипед триколісний TILLY SPRINT (T-323)
838,Велосипед триколісний TILLY MOTION (T-320)
839,Бассейн 57113 Единорог-127-102-69см-45л-ремкомплект
840,Толокар ( М4086-5)
841,Электромобиль Джип (M 4214EBLR-2)
842,Велосипед  три кол. гума (12/10) коляс.-оберт-USB/BT-гальма
843,Велосипед  три кол. гума (12/10) коляс.-оберт-USB/BT
844,Велосипед  три кол. гума (12/10) колясоч.-оберт-USB/BT
845,Велосипед  три кол.EVA-пляшечка-наклад.на
846,Велосипед  три кол.EVA-пляшечка-наклад.на
847,Велосипед  три кол.EVA-пляшечка-наклад.на сидін
848,Біговел PROFI KIDS 12 д. ML1203A-3 алюм.рама
849,Біговел PROFI KIDS 12 д. алюм.рама
850,Біговел PROFI KIDS 12 д. алюм.рама
851,Біговел дитячий PROFI KIDS 12 д.
852,Велосипед дитячий PROF1 14д.)
853,Велосипед дитячий PROF1 16д 1Ballerina-SKD75-дзвінок
854,Велосипед дитячий PROF1 18д.  Inspirer
855,Велосипед дитячий PROF1 18д.
856,Велосипед дитячий PROF1 18д
857,Велосипед дитячий PROF1 18д.
858,Велосипед дитячий PROF1 18д.Angel
859,Велосипед дитячий PROF1 20 д.
860,Велосипед дитячий PROF1 20д.  Angel
861,Велосипед дитячий PROF1 20д.  Butterfly-SKD45-
862,Велосипед дитячий PROF1 20д.  Inspirer-дзвінок-
863,Велосипед дитячий PROF1 20д. Butterfly-SKD45-
864,Велосипед дитячий PROF1 20д. SY20195 Angel
865,Велосипед дитячий PROF1 20д. SY2054 Inspirer-
866,Велосипед дитячий PROF1 20д. Top Grade-дзвінок-
867,Велосипед дитячий PROF1 20д.Original boy-біло-червоний
868,МОТОЦИКЛ 2-х колісний з сигналом білий ОРІОН ( 501)
869,МОТОЦИКЛ 2-х колісний з сигналом зелений ( 501)
870,МОТОЦИКЛ 2-х колісний з сигналом синій ( 501)
871,МОТОЦИКЛ 2-х колісний з сигналом-лимонний ( 501)
872,МОТОЦИКЛ 2-х колісний з сигналом-червоний ( 501)
873,Электромобиль (M 2788EBLR-1)
874,Электромобиль (M 3402EBLR-3)
875,Машина (M 2788EBLR-3)
876,Машина (M 2788EBLRS-2)
877,Біговел BALANCE TILLY 6 Goody T-212525 Green
878,Біговел BALANCE TILLY 6 Goody T-212525 Red
879,Біговел BALANCE TILLY 6 Goody T-212525 White
880,Біговел BALANCE TILLY 6 Goody T-212525 Yellow
881,ДИТЯЧИЙ ПАРАСОЛЬКУ-ТРОСТИНУ MARIO ЄДИНОРІГ-ПРОЗОРИЙ КОЛІР-1157A-1
882,ДИТЯЧИЙ ПАРАСОЛЬКУ-ТРОСТИНУ MARIO ЄДИНОРІГ-ПРОЗОРИЙ КОЛІР-1168A-2
883,ДИТЯЧИЙ ПАРАСОЛЬКУ-ТРОСТИНУ MARIO ЄДИНОРІГ-ПРОЗОРИЙ КОЛІР-1168A-3
884,Стрибуни-конячки (MS 0001)
885,Стрибуни-конячки (MS 0001)
886,Стрибуни-конячки (MS 0001)
887,Стрибуни-конячки (MS 0001)
888,Стрибуни-конячки (MS 0001)
889,Стрибуни-конячки (MS 0001)
